Cluster_ID,size,volume,density(kcal/mol/A**3)
c1A,44,3800.1,0.039639
c2A,19,1618.7,0.039028
c3A,7,704.5,0.035879
c4A,9,849.3,0.036914
c5A,26,2293.9,0.0373
