Cluster_ID,size,volume,density(kcal/mol/A**3)
c1A,81,6957.9,0.039278
c2A,77,7480.1,0.033235
c3A,8,754.9,0.030184
c4A,4,306.5,0.045417
c5A,4,393.6,0.03175
c6A,4,453.3,0.026485
