Cluster_ID,size,volume,density(kcal/mol/A**3)
c1A,39,3373.1,0.037411
c2A,12,913.2,0.048532
c3A,4,323.4,0.048009
c4A,55,5260.2,0.032657
c5A,13,1321.4,0.028638
c6A,4,292.2,0.044363
c7A,5,441.8,0.035736
c8A,5,495.8,0.031043
c9A,4,351.2,0.033661
