Cluster_ID,size,volume,density(kcal/mol/A**3)
c1A,56,4923.9,0.038817
c2A,18,1502.1,0.040863
c3A,13,1223.7,0.033562
c4A,5,521.7,0.027217
c5A,31,2954.1,0.033073
c6A,5,451.2,0.040477
c7A,21,2161.0,0.032677
c8A,6,618.7,0.031775
c9A,6,508.6,0.033779
c10A,9,928.4,0.030937
