Cluster_ID,size,volume,density(kcal/mol/A**3)
c1A,81,7544.7,0.035725
c2A,5,426.2,0.037766
c1B,56,5164.6,0.036812
c2B,21,1938.1,0.035167
c3B,19,1847.6,0.03418
