Cluster_ID,size,volume,density(kcal/mol/A**3)
c1A,64,6301.0,0.035199
c2A,4,325.8,0.040353
c3A,20,2075.2,0.034095
c1B,64,6298.2,0.035093
c2B,4,325.8,0.038832
c3B,22,2222.4,0.034762
