Cluster_ID,size,volume,density(kcal/mol/A**3)
c1A,31,2496.9,0.03837
c2A,4,316.0,0.039921
c3A,14,1258.6,0.033619
c4A,26,2530.8,0.032516
c5A,16,1534.0,0.03276
c6A,19,1914.7,0.035791
c7A,4,325.0,0.03821
c8A,18,1560.5,0.034497
c9A,4,403.4,0.024843
c10A,5,517.6,0.027713
