Cluster_ID,size,volume,density(kcal/mol/A**3)
c1A,43,3718.3,0.041892
c2A,12,1081.7,0.046318
c3A,50,4692.0,0.035954
c4A,48,4381.8,0.035253
c5A,6,628.3,0.029413
c6A,5,499.1,0.028265
c7A,5,517.6,0.027721
