Cluster_ID,size,volume,density(kcal/mol/A**3)
c1A,113,10702.0,0.036566
c2A,4,374.4,0.036514
c3A,8,731.8,0.039052
c4A,4,395.3,0.029699
c5A,4,374.4,0.029008
c6A,5,468.1,0.038326
