Cluster_ID,size,volume,density(kcal/mol/A**3)
c1A,85,7498.2,0.039462
c2A,18,1560.6,0.04402
c3A,39,3385.1,0.03779
c4A,7,628.8,0.036365
c5A,13,1233.7,0.036189
c6A,18,1753.1,0.03492
c7A,33,3048.0,0.033774
c8A,5,510.2,0.028124
c9A,5,462.7,0.033776
