Cluster_ID,size,volume,density(kcal/mol/A**3)
c1A,107,10057.2,0.036214
c2A,4,374.4,0.039461
c3A,6,602.7,0.025951
c4A,6,605.8,0.037374
c5A,4,379.2,0.031795
c6A,10,950.5,0.030524
c7A,5,471.2,0.035485
