Cluster_ID,size,volume,density(kcal/mol/A**3)
c1A,55,4796.6,0.038828
c2A,13,1188.1,0.042737
c3A,33,3204.3,0.031436
c4A,6,556.3,0.042048
c5A,27,2732.9,0.03272
c6A,7,560.9,0.037304
c7A,12,1162.7,0.030323
c8A,4,313.9,0.041359
c9A,8,814.3,0.03372
