Cluster_ID,size,volume,density(kcal/mol/A**3)
c1A,143,12797.1,0.037708
c2A,15,1224.1,0.048736
c3A,17,1779.0,0.03461
c4A,14,1257.0,0.043434
c5A,8,815.4,0.030522
