Cluster_ID,size,volume,density(kcal/mol/A**3)
c1A,7,714.9,0.035156
c2A,54,4596.1,0.03879
c3A,31,2745.3,0.03874
c4A,13,1374.3,0.027481
c5A,5,541.1,0.032228
c6A,5,247.2,0.106638
c7A,4,356.5,0.035234
c8A,5,339.0,0.053587
