Cluster_ID,size,volume,density(kcal/mol/A**3)
c1A,47,4129.4,0.040646
c2A,36,3454.6,0.032347
c3A,20,1859.5,0.032904
c4A,9,852.4,0.038322
c5A,4,427.0,0.026496
c6A,6,525.5,0.033043
c7A,7,733.5,0.033673
