Cluster_ID,size,volume,density(kcal/mol/A**3)
c1A,5,439.7,0.035541
c2A,26,2084.7,0.04626
c3A,14,1092.4,0.05582
c4A,49,4465.9,0.034521
c5A,17,1658.7,0.029113
c6A,9,866.3,0.034729
c7A,12,1078.5,0.035827
c8A,6,541.7,0.037
c9A,18,1812.9,0.028674
