Cluster_ID,size,volume,density(kcal/mol/A**3)
c1A,82,7998.4,0.035748
c2A,6,580.7,0.038334
c3A,4,337.3,0.031643
c1B,76,7291.9,0.037093
c2B,7,682.7,0.037069
c3B,6,633.5,0.031266
c4B,4,337.3,0.033177
c5B,5,493.8,0.027954
