Cluster_ID,size,volume,density(kcal/mol/A**3)
c1A,47,3991.4,0.041517
c2A,12,1066.1,0.032101
c3A,29,2632.7,0.0345
c4A,19,1939.6,0.034459
c5A,29,2698.1,0.03545
c6A,4,427.0,0.025328
c7A,14,1389.7,0.026167
c8A,5,499.1,0.029708
