Cluster_ID,size,volume,density(kcal/mol/A**3)
c1A,40,3822.2,0.034403
c2A,60,5818.8,0.035243
c3A,25,2411.2,0.034699
c4A,12,984.2,0.038489
c5A,6,557.3,0.026233
