Cluster_ID,size,volume,density(kcal/mol/A**3)
c1A,34,3347.0,0.039588
c2A,32,3083.9,0.039966
c3A,30,2677.5,0.038461
c4A,4,417.2,0.026668
c5A,5,456.2,0.030071
c6A,5,536.1,0.031662
