Cluster_ID,size,volume,density(kcal/mol/A**3)
c1A,12,1002.6,0.034005
c2A,23,1906.1,0.044481
c3A,7,566.2,0.040553
c4A,27,2503.1,0.033294
c5A,21,1786.2,0.037591
c6A,9,916.4,0.028113
c7A,10,1014.1,0.028825
c8A,10,1048.2,0.030556
c9A,4,325.0,0.039339
c10A,9,884.7,0.032946
