Cluster_ID,size,volume,density(kcal/mol/A**3)
c1A,24,2288.7,0.036645
c2A,8,803.3,0.036137
c3A,17,1576.2,0.038774
c4A,11,839.6,0.041964
c5A,4,443.5,0.030671
