Cluster_ID,size,volume,density(kcal/mol/A**3)
c1A,27,2476.5,0.032197
c2A,5,451.6,0.036444
c3A,13,1336.2,0.02907
c4A,25,2300.6,0.032779
c5A,4,374.6,0.029419
c6A,4,386.3,0.037517
c7A,21,1900.9,0.030512
c8A,13,1380.9,0.028114
c9A,16,1593.1,0.028137
c10A,4,309.6,0.039195
c11A,4,325.4,0.040502
