Cluster_ID,size,volume,density(kcal/mol/A**3)
c1A,59,5405.0,0.036792
c2A,72,6044.5,0.041829
c3A,13,1123.7,0.045831
c4A,11,1072.7,0.034586
c5A,56,5168.6,0.034329
c6A,12,1128.4,0.038024
c7A,8,748.8,0.037911
c8A,6,588.9,0.028534
