Cluster_ID,size,volume,density(kcal/mol/A**3)
c1A,127,11721.9,0.035716
c2A,6,553.5,0.028
c3A,42,4102.5,0.031955
c4A,18,1779.8,0.0334
c5A,6,610.4,0.026677
c6A,4,297.0,0.040827
