Cluster_ID,size,volume,density(kcal/mol/A**3)
c1A,5,350.2,0.038023
c2A,18,1579.0,0.032541
c3A,6,537.7,0.032568
c4A,4,276.6,0.037694
c5A,15,1426.4,0.02929
c6A,5,475.2,0.029373
c7A,5,472.1,0.028687
c8A,4,375.3,0.031479
c9A,9,905.5,0.026893
c10A,4,419.9,0.026228
