Cluster_ID,size,volume,density(kcal/mol/A**3)
c1A,29,2585.0,0.036018
c2A,36,2919.5,0.045494
c3A,11,936.4,0.050379
c4A,25,2092.0,0.037179
c5A,6,573.8,0.027912
c6A,10,858.6,0.037362
c7A,4,412.4,0.029163
c8A,17,1441.2,0.037573
c9A,12,1120.3,0.031047
c10A,10,1019.4,0.029191
c11A,9,965.6,0.031338
