Cluster_ID,size,volume,density(kcal/mol/A**3)
c1A,60,5428.0,0.038257
c2A,5,364.4,0.069817
c3A,35,3397.5,0.033114
c4A,17,1702.4,0.027215
c5A,16,1557.5,0.031905
c6A,5,427.8,0.033161
c7A,7,740.9,0.028938
