Cluster_ID,size,volume,density(kcal/mol/A**3)
c1A,15,1442.0,0.033158
c2A,27,2514.5,0.032544
c3A,4,341.0,0.034104
c1B,40,3801.4999999999995,0.032332
c1G,8,745.1,0.031425
c2G,25,2425.7999999999997,0.030446
c1H,39,3687.6,0.034922
