Cluster_ID,size,volume,density(kcal/mol/A**3)
c1,34,3190.9,0.035579
c2,10,888.1999999999999,0.03547
c3,4,353.6,0.034111
